,subject,body,opened,meeting link clicked,responded,meeting_link_clicked
0,ğŸš€ Propel Your Marketing ROI with Advanced Analytics!,"Hey [Recipient's Name],

Ready to see your marketing performance soar? With our cutting-edge Marketing Analytics services, your business can harness the power of data to drive decision-making and skyrocket ROI!

Quick question - are you leveraging your data to its full potential? Let's talk strategy! ğŸ‘‰ [meeting link]

Best,
[Your Name]",False,False,False,
1,Data is Your Superpower ğŸ“Š Unlock Insights with Us,"Hi [Recipient's Name],

I'm reaching out again because I believe our last message might've slipped through the cracks. With your goals in mind, our marketing analytics can translate your data into actionable strategies that can redefine your marketing's success.

Can we help you harness this superpower? Book a time on my calendar: [meeting link]. Looking forward to connecting!

Cheers,
[Your Name]",True,False,False,
2,Turn Marketing Data Into Decisions ğŸ§ Let's Explore How,"Greetings [Recipient's Name],

We haven't connected yet, and I'm convinced your business is missing out on valuable insights. Our tailored Marketing Analytics can peel back the layers of your data, unveiling opportunities for growth and cost-saving efficiencies.

Shall we schedule a deep dive into your data's potential? I'm eager to assist you in transforming information into victory! ğŸ†

Best,
[Your Name]

PS. Hereâ€™s that [meeting link] again, in case it got lost in email limbo.",False,False,False,
3,Marketing Success is a Click Away - Let's Chat Analytics,"Hello [Recipient's Name],

It's clear that you're serious about your business success, so let's not let untapped data insights stand in the way. Imagine the competitive edge you could gain with our expert analysis and recommendations.

When can we show you the full picture? Click here for a consultation: [meeting link]. Weâ€™re here to turn your data into your most valuable asset.

Warm regards,
[Your Name]",True,True,False,
4,ğŸš€ Boost Your Brand's Visibility with Proven Marketing Analytics Strategies,"Hi [Recipient's Name],

In the digital age, data is powerâ€”especially for your marketing team. Are you leveraging your data to its full potential? Our marketing analytics services at [Your Company] can help you understand your audience, optimize your campaigns, and significantly increase your ROI.

Ready to take your marketing to new heights? Letâ€™s schedule a quick discovery call [meeting link].

Best,
[Your Name] at [Your Company]",False,False,False,
5,Turn Data into Decisions ğŸ“Š - Your Next Competitive Edge,"Hey [Recipient's Name],

I saw that my previous email hasnâ€™t been opened. I get it, you're swamped. Still, I couldn't help but reach out again because I truly believe that our marketing analytics insights can make a substantial difference for [Recipient's Company Name].

Hereâ€™s the deal in a nutshell:
- Customized data reports ğŸ“ˆ
- Campaign optimization ğŸ‘Œ
- Increased conversion rates ğŸ’°

Does this catch your eye? Letâ€™s discuss specifics. Book a slot directly via this [meeting link].

Best,
[Your Name]",True,False,False,
6,Last Call: Your Blueprint for Marketing Success Awaits ğŸ“œ,"Hello [Recipient's Name],

I hope this message finds you well. I noticed you opened my last email, and Iâ€™m taking that as a sign you might be curious about the possibilities that our analytics can unlock for your marketing strategy.

As a special consideration, Iâ€™ve taken the liberty of analyzing one of your recent campaigns. I spotted a few opportunities that could be game-changers for [Recipient's Company Name].

Interested in these insights? They're just one conversation away. Here's that [meeting link] to set up time to talk.

Warm regards,
[Your Name]",False,False,False,
7,"Weâ€™re Confident in our Data, Hereâ€™s Why You Should Be Too ğŸ’ª","Greetings [Recipient's Name],

Your success is our business. Just last month, our analyses helped a company like yours increase their lead acquisition by 250%. That's no small feat â€“ and it's all thanks to our focused approach to marketing analytics.

I'd love to show you how we can do the same for you. Don't miss out on actionable insights that could revolutionize your marketing outcomes. Click this [meeting link] now and see what robust analytics can do for you.

Best,
[Your Name]
P.S. As a bonus for scheduling a call, Iâ€™ll send over a complimentary report with three key insights just for [Recipient's Company Name].",True,True,False,
8,ğŸš€Boost Your ROI with Precision Marketing Analytics,"Hi [Recipient's Name],

Do you want to see a better return on your marketing efforts? Our cutting-edge analytics service transforms data into actionable insights.

Curious to learn more? Let's have a quick call! [meeting link]

Best,
[Your Name]",False,False,False,
9,Your Marketing Strategy Deserves the Best Analytics,"Hello [Recipient's Name],

Improve your marketing effectiveness through data-driven strategies! Our advanced analytics tools track, analyze, and predict customer behavior to enhance your campaigns.

See what you're missing out on. Discover the full impact of your marketing spend. [meeting link]

Best Regards,
[Your Name]",True,False,False,
10,Can We Help Optimize Your Marketing Efforts?,"Good day, [Recipient's Name],

Are you harnessing the full potential of your marketing data? Allow us to demonstrate how our analytics platform can identify trends and forecast outcomes to fine-tune your strategies for maximum effect.

Click here to schedule a deep dive into your data analytics needs: [meeting link]

Warm regards,
[Your Name]",True,False,True,
11,ğŸ’¡ Elevate Your Marketing with Actionable Insights!,"Hi [Recipient's Name],

Are you leveraging your data to its full potential? Our cutting-edge Marketing Analytics services transform raw data into strategic insights, driving growth and competitive advantage.

Interested in boosting ROI? Book a time that works for you: [meeting link].

Cheers,
[Your Name]",True,False,False,
12,Make Data-Driven Decisions with Confidence,"Good morning [Recipient's Name],

Following our previous conversation, I wanted to reach out again to highlight how our analytics can propel your marketing to new heights:

- Understand your customers deeply
- Optimize campaign performance
- Maximize marketing spend efficiency

Could we explore this further? Hereâ€™s where you can schedule a call: [meeting link].

Kind regards,
[Your Name]",False,False,False,
13,Missed Opportunity? Let's Talk Strategy ğŸ“Š,"Hey [Recipient's Name],

Are you sure you want to miss out on data that could redefine your marketing strategy? Our clients have seen up to a 50% increase in campaign effectiveness after a single consultation.

Take the first step towards smarter marketing: [meeting link]. Ready when you are!

All the best,
[Your Name]",True,False,True,
14,ğŸš€ Propel Your Marketing with Data-Driven Insights,"Hello [Recipient's Name],

Are you harnessing the power of your data to supercharge your marketing campaigns? At [Your Company], we turn analytics into actionable marketing strategies. Unlock your potential with our state-of-the-art analytics dashboard.

Eager to learn more? Let's set up a time to talk [meeting link].

Best regards,
[Your Name]",True,False,False,
15,"[Recipient's Name], are you stepping up your marketing game?","Hi [Recipient's Name],

I noticed you may not have had time to consider my previous mail. It's clear businesses that utilize insights from their marketing data stand out from the competition. How does [Recipient's Company] stack up?

When you're ready to dive deeper, check out what we have to offer [meeting link]. Talk soon?

Many thanks,
[Your Name]",True,False,False,
16,Don't Miss Out on Transforming Your Marketing Data Into Success!,"Hey [Recipient's Name],

Quick question: If there was a way to boost your ROI by optimizing every single marketing decision, would you grab it? That's what we do at [Your Company]. Why not take a peek at our client success stories? They're quite the read!

Here's the link to my calendar if you're curious [meeting link]. ğŸ˜Š

Cheers,
[Your Name]",True,True,False,
17,ğŸš€ Elevate Your Brand with Tailored Marketing Analytics,"Greetings [Recipient's Name],

In the age of data, understanding your market is pivotal. Our custom marketing analytics services at [Your Company] can catapult your brand's relevance and engagement. Shall we discuss this over a virtual coffee next week? [meeting link]

Warm regards,
[Your Name]",False,False,False,
18,Your Roadmap to Data-Driven Success,"Hi [Recipient's Name],

I noticed you haven't opened my previous email, and I wouldn't want you to miss out on this opportunity. By analyzing and acting on data, we've propelled businesses forward, and [Your Company] could be next. Interested in a quick chat? [meeting link] Awaits you!

Best wishes,
[Your Name]",True,False,False,
19,Actionable Insights > Guesswork ğŸ¯ â€” Let's Explore,"Hey [Recipient's Name],

It's me again from [Your Company]! We turn raw data into real strategy. Imagine knowing exactly where to focus your marketing efforts â€“ no more guesswork. Letâ€™s set up a time to talk: [meeting link]. Can I count you in?

Cheers,
[Your Name]",True,True,False,
20,ğŸ“ˆ Elevate Your Brand's Reach with Tailored Marketing Analytics,"Greetings [Recipient's Name],

In today's data-driven marketplace, understanding customer behavior is more crucial than ever. Our Marketing Analytics solutions provide the insights you need to make informed decisions and elevate your brand.

Curious? Let's dive into the data together. Book a discovery call here: [meeting link].

Warm regards,
[Your Name]",True,False,False,
21,Re: Quick Follow-up - Your Marketing Potential Unlocked ğŸ”‘,"Hi [Recipient's Name],

I hope this message finds you well. I noticed you opened my previous email, but we haven't had the chance to connect yet. Our deep dive analytics service has helped companies just like yours to tailor their marketing efforts and see an average increase in ROI by 30%.

Would you be available for a brief 10-minute chat this week to explore this further? Hereâ€™s the link again: [meeting link]. Looking forward to your thoughts!

All the best,
[Your Name]",False,False,False,
22,Still interested in Marketing Analytics insights for [Recipient's Company]?,"Hello [Recipient's Name],

It's clear that your role at [Recipient's Company] is pivotal, and having the right data can make all the difference. Our proprietary analytics tools are designed to cut through the noise and deliver actionable insights directly to you.

If enhancing your marketing strategies is on your radar, let's schedule a time to talk. Here's that link one more time: [meeting link].

Yours in data-driven success,
[Your Name]",True,True,False,
23,âŒš Ready to Enhance Your Marketing Analytics Game?,"Hey [Recipient's Name],

Want to boost your marketing ROI? ğŸš€ [Your Company] provides in-depth analytics tools that help businesses like yours make data-driven decisions, fast. How about a quick tour? [meeting link]

Talk soon,
[Your Name]",True,,False,False
24,Dive Deeper Into Your Data â€“ Grab a Spot on My Calendar!,"Hi [Recipient's Name],

Noticed you peeked at my last email â€“ thanks for that! ğŸ˜Š Let's get down to the nitty-gritty. Our marketing analytics services are custom tailored to identify actionable insights within your data.

What's the main challenge you're facing with your current analytics setup?

Secure a time for us to chat here: [meeting link]

Best,
[Your Name]",True,,False,False
25,Is Your Marketing Data Working for You? ğŸ¤”,"Hello [Recipient's Name],

I'm reaching out again because I'm convinced [Your Company]'s analytics services can solve your marketing pain points. Here's how we've helped others:

- ğŸ“Š Tailored dashboards & reports
- â±ï¸ Real-time data analysis
- ğŸ’¡ Predictive insights

Let's talk goals and strategies. When would be a good time for you?

Book here: [meeting link]

Cheers,
[Your Name]",True,,False,True
26,ğŸš€ Boost Your Brand - Innovative Marketing Analytics Awaits!,"Greetings [Recipient's Name],

Imagine having the power to predict market trends and customer behavior. Our cutting-edge Marketing Analytics services offer just that. Looking to drive impactful decisions?

Connect with me here [meeting link] and letâ€™s propel your marketing strategy to new heights!

Best regards,
[Your Name]",True,False,False,
27,Re: Unlock Insights & Growth Opportunities,"Hi [Recipient's Name],

I noticed you checked out my last email about our Marketing Analytics services. Great news - implementing analytics is easier than you think, and we're here to help you every step of the way.

By analyzing past and present data, we can refine your marketing strategy and help you outpace competitors. Interested in a deeper dive?

Let's discuss your specific goals - schedule a time here: [meeting link].

Warmest wishes,
[Your Name]",False,False,False,
28,Can We Help [Company Name] Excel Today?,"Dear [Recipient's Name],

I'm reaching out again because I truly believe in the power of data to transform businesses like yours. At [Your Provider], our analytics platform is designed to offer insights that can reshape your marketing efforts and elevate your ROI.

Some of the benefits include:

- Enhanced targeting and segmentation
- Real-time data analysis
- Custom reporting that matches your KPIs

Ready for growth? Let's talk: [meeting link].

Cordially,
[Your Name]",True,False,True,
29,ğŸ“Š Elevate your Marketing ROI - Let's Talk Strategy!,"Hey [Recipient's Name]! ğŸ‘‹

Quick question: Are you leveraging your data to its fullest potential? At [Your Company], we're all about turning analytics into actionable insights.

Let's set up a time to talk about driving your marketing efforts with precision: [meeting link]. It's a 15-minute chat that could redefine your strategy!

Cheers,
[Your Name]",True,False,False,
30,Unlock the Power of Data - Your Custom Marketing Analytics Roadmap,"Hello [Recipient's Name],

You might have missed my last message, and thatâ€™s perfectly okay - I know you're juggling multiple priorities! But I wouldn't reach out if I weren't confident that our marketing analytics solutions could be a game changer for your business.

Here's what we offer:
- Custom data analysis and reporting
- Competitive intelligence insights
- Campaign optimization strategies

Discover how data can drive your marketing success. I'd love to discuss this with you. Can we book a 20-minute call here? [meeting link]

Best regards,
[Your Name]",False,False,False,
31,Still Interested in Analytics-Driven Marketing Success?,"Hello [Recipient's Name],

I haven't heard back, and that tells me one of three things:
1. Youâ€™re swamped and haven't had the chance to reply.
2. My messages arenâ€™t reaching you.
3. You've already mastered your marketing analytics (kudos if thatâ€™s the case ğŸ˜€).

If it's options 1 or 2, here's a chance to link up: [meeting link]. If itâ€™s the third, Iâ€™d still love to hear about your approach!

Looking forward to connecting,
[Your Name]",True,True,False,
32,ğŸ’¡Boost Your Marketing ROI with Advanced Analytics,"Good day [Recipient's Name],

Are you leveraging your data to its fullest potential? With our cutting-edge Marketing Analytics tools at [Your Company], you can gain invaluable insights and drive your marketing ROI to new heights.

Iâ€™d love to explain more about this in a quick call. When suits you? Hereâ€™s my schedule: [meeting link].

Best wishes,
[Your Name]",True,False,False,
33,Re: Uncover Insights & Propel Growth ğŸš€,"Hello [Recipient's Name],

I'm reaching out again as I believe our Analytics services align perfectly with your current marketing campaigns. By analyzing your performance data, you can refine strategies for even better outcomes.

Can I take 15 mins to show you how? Click here [meeting link] to book a time that works.

Best,
[Your Name]",True,True,False,
34,âœ¨ Transform Your Marketing Strategies with Advanced Analytics âœ¨,"Hello [Recipient's Name],

Are you leveraging your data effectively? We at [Your Company] excel in turning data into actionable insights for dynamic marketing strategies. Imagine surpassing your marketing goals with ease.

Excited to explore this? Let's book a discovery call here [meeting link].

Warm regards,
[Your Name]",True,False,False,
35,Unleash Potential ğŸš€ Marketing Analytics That Drive Success,"Hi [Recipient's Name],

I noticed you've shown interest in our email. At [Your Company], we've helped clients achieve up to a 50% increase in marketing efficiency through enhanced analytics.

Let's not let potential growth slip away! Ready to transform your data into success? Here's that meeting link again [meeting link].

Best,
[Your Name]",True,True,False,
36,ğŸ” Elevate Your Marketing with Data-Driven Insights!,"Greetings [Recipient's Name],

Are you leveraging your data to its full potential? Our advanced marketing analytics services assist brands like yours to make informed decisions that drive growth. Let's explore the possibilities together! Would this week work for a quick chat? [meeting link here]

Warm regards,
[Your Name]",True,False,False,
37,Re: Tailored Analytics for Strategic Marketing,"Hello [Recipient's Name],

Hope you're doing well. I see you showed interest in elevating your marketing strategies. We can help identify untapped opportunities using your data. If I may, what challenges do you encounter with your current analytics?

I'm happy to offer insights and solutions over a brief call: [meeting link here].

Cheers,
[Your Name]",True,True,False,
38,Unlock ğŸ”‘ Your Marketing Potential with Proven Analytics Strategies!,"Hey [Recipient's Name] ğŸ‘‹, 

Ever feel like you're guessing with your marketing decisions? Stop the guesswork with [Your Company]'s advanced analytics services! We transform data into growth. Curious?

Book a 15-min discovery call here [meeting link] â€“ letâ€™s make data your ally. ğŸ˜Š

Best,
[Your Name]",True,False,False,
39,Re: Next Step for Data-Driven Marketing?,"Hi [Recipient's Name], 

I noticed you checked out our email about tapping into analytics for marketing but haven't taken the next step. With our tailored marketing analytics, businesses see an average revenue increase of 20%! 

Hereâ€™s what we offer:
- Custom analytics implementation
- Clear ROI tracking
- Actionable insights

Let's turn your data into dollars ğŸ’°! Can we discuss this further on a call? [meeting link]

Thanks,
[Your Name]",True,True,False,
40,Unlock ğŸ—ï¸ Growth with Tailored Marketing Analytics,"Hi [Recipient's Name],

Do your marketing efforts feel like a shot in the dark? ğŸ’¡ At [Your Company], we turn data into direction! Let's illuminate your strategy with actionable insights. How's your calendar for a quick intro call? [meeting link]

Best,
[Your Name]",True,False,False,
41,Don't Miss Out: Your Competitive Edge Awaits!,"Hey [Recipient's Name],

I noticed you didn't get a chance to react to my last email. Staying competitive means understanding your market. Our bespoke analytics services have helped businesses like yours increase ROI by up to 150%! Let's explore what we can do for you: [meeting link].

To a data-driven future,
[Your Name]",True,True,False,
42,Unlock Potential with Advanced Marketing Analytics âœ¨,"Good day [Recipient's Name],

I hope this email finds you well! As a marketing leader, you know the power of data. At [Your Company], we provide insightful analytics that can revolutionize your marketing strategy.

Would you like to see a demo of our platform? Here's a [meeting link] to arrange a brief intro. Can I count on you to take the leap forward?

Warm regards,
[Your Name]",True,False,False,
43,ğŸš€ Take Your Marketing to the Next Level,"Hello [Recipient's Name],

I saw you had a glance at my previous message but haven't got around to scheduling a talk. Our analytics platform could be the game-changer you need to outpace your competitors.

A quick chat could lead to transformative outcomes for your marketing efforts. Let's book that conversation [meeting link]. Shall we set a time to explore the possibilities?

Best,
[Your Name]",True,True,False,
44,Enhance Your Team's Potential with Top-Tier HR Consulting ğŸš€,"Hello [Recipient's Name],

Looking to elevate your workforce strategies? Our skilled HR consultants at [Your Company] can empower your human capital management. We specialize in recruiting, training programs, and performance metrics.

How about a quick call to explore our services? [meeting link]

Best regards,
[Your Name]",0,0,0,
45,Let's build a stronger workforce together!,"Hi [Recipient's Name],

I noticed you haven't had a chance to check out our first message. As an expert in HR services, our consultancy could be the missing puzzle piece to your organizational challenges from talent acquisition to employee retention.

Could we carve out some time for a discussion? Hereâ€™s the link: [meeting link].

All the best,
[Your Name]",1,0,0,
46,Final chance to optimize your HR with [Your Company],"Greetings [Recipient's Name],

We haven't heard back from you, and we certainly don't want to miss the opportunity to help you transform your HR processes. Our results speak for themselves - businesses like yours have seen a substantial uptick in employee satisfaction and retention with our guidance.

This is the last email I'll send, and Iâ€™d hate for you to miss out on our expertise. Letâ€™s talk: [meeting link].

Warm regards,
[Your Name]",1,1,0,
47,Discover Game-Changing Marketing Analytics ğŸš€,"Hey there [Recipient's Name],

Are you leveraging your data to its fullest potential? Let [Your Company] transform your data into insightful action. How about a quick demo? [meeting link]

Cheers,
[Your Name]",True,False,False,
48,Your Data Deserves More! Let's Dive Deep ğŸ¤¿,"Hi again [Recipient's Name],

I noticed you peeked at our last message. Awesome! ğŸ˜Š Diving deeper into your numbers can unleash potential you might not even be aware of.

Are you up for a more in-depth look? Here's a link to a time that works for us: [meeting link]. Weâ€™d be thrilled to meet and explore how our analytics can gear you up for a win.

To success,
[Your Name]",False,False,False,
49,Let's Make Your Data Work for You! ğŸ“ŠğŸ› ,"Hey [Recipient's Name],

It's [Your Name] again from [Your Company]. Just a reminder: our analytics platform isnâ€™t just another tool, it's the craftsman that shapes your strategy.

I'm convinced a 30-min chat could reveal insights worth months of strategizing. If you're ready for this, our meeting link is here: [meeting link].

Looking forward to the possibility,
[Your Name]",True,False,True,
50,Quick Q: Are your marketing insights driving growth? ğŸ“ˆ,"Hey [Recipient's Name],

Hope this email finds you well! Quick question: Are you confident in the insights you're getting from your current marketing analytics?

Let's have a coffee chat â˜• about how [Your Company] can help magnify your impact with advanced analytics. Fancy a quick call to explore this? [meeting link]

Best,
[Your Name]",True,False,False,
51,Re: Maximize ROI with Data-Driven Decisions,"Hi [Recipient's Name],

I noticed you checked out my previous email - thank you for that! I'm sure you're juggling a lot, but understanding your market better can seriously drive your ROI and save time in the long run.

- Competitive analysis? Check
- Customer segmentation? Check
- Campaign optimization? Double-check!

How about we dive into this on a brief call? Hereâ€™s the link for an easy schedule: [meeting link]

Talk soon,
[Your Name]",False,False,False,
52,Don't Miss: Unlock Potentials with Enhanced Marketing Analytics,"Hello [Recipient's Name],

I'll get straight to the point: companies using advanced analytics are outperforming their competitors. Period. 

Here's what I propose - a 20-min discovery call to pinpoint how you can:

- Better allocate your marketing budget
- Achieve a higher conversion rate
- Understand your customers like never before

Can we make this happen? Iâ€™m available here: [meeting link]. Plus, Iâ€™ll throw in a complimentary custom report sample!

To your success,
[Your Name]",True,True,False,
53,ğŸš€ Enhance Your Marketing with Cutting-Edge Analytics,"Hey there [Recipient's Name],

Ready to take your marketing game to the next level? Our advanced analytical tools can help dissect your campaigns and supercharge your ROI!

Curious? Let's schedule a quick dive into your current strategy: [meeting link].

All the best,
[Your Name]",False,False,False,
54,ğŸ“ˆ Last Chance to Boost Your Campaigns!,"Greetings [Recipient's Name],

I noticed my previous email might have slipped through the cracks. Just wanted to reiterate that with our analytics, you wonâ€™t just track marketing success â€“ youâ€™ll predict it!

Let's connect and explore the possibilities. I promise it'll be worth your time: [meeting link].

Best,
[Your Name]",True,False,False,
55,Could we help [Their Company's Name] outperform competition?,"Hello [Recipient's Name],

Imagine having insights that could propel your marketing ahead of the curve, leaving competitors wondering how you're always two steps ahead.

Our tools aren't just about analytics; they're about transforming how you understand your audience.

When could we discuss this more? Here's my calendar for you to pick a convenient slot: [meeting link].

Warm regards,
[Your Name]",True,True,False,
56,ğŸš€ Boost Your Brand's Growth with Proven Marketing Analytics,"Hello [Recipient's Name],

Are you leveraging your data effectively for marketing? Discover what our Marketing Analytics services can do to ignite your growth. Let's explore possibilities over a call! Here's my schedule [meeting link] â€“ can we connect this week?

Best regards,
[Your Name]",False,False,False,
57,ğŸ“Š Your Marketing ROI Could Be Better!,"Hi [Recipient's Name],

Noticed you haven't checked out our previous message. No worries! I just wanted to reiterate that at [Your Company], our analytics can transform your marketing strategy and boost your ROI. Weâ€™ve done it for [Similar Company] and weâ€™re excited to show you how.

Can I take you through a custom demo? Here's the link for a quick chat [meeting link].

Warm regards,
[Your Name]",True,False,False,
58,ğŸ‘‰ Transform Metrics into Strategy â€“ Letâ€™s Discuss,"Hey [Recipient's Name],

Your brand's potential is untapped! Our Marketing Analytics services have been game-changers for businesses like yours. With personalized reporting dashboards and insights, you can effortlessly translate data into strategy.

I'd love to share some success stories and discuss yours. Here's where you can book a time [meeting link] â€“ let's make your data work for you!

Cheers,
[Your Name]",True,True,False,
59,ğŸ” Increase ROI with Data-Driven Marketing Strategies,"Hey [Recipient's Name],

Quick question: Are your marketing efforts paying off as much as they should? At [Your Company], we provide Marketing Analytics Services that turn your data into actionable insights. Let's explore what we could achieve together!

Eager to learn more? Let's have a brief chat! [meeting link]

Cheers,
[Your Name]",True,False,False,
60,Re: Letâ€™s Unlock Your Marketing Potential â€“ Quick Chat?,"Hello [Recipient's Name],

I noticed you opened my previous email... awesome! Iâ€™m sure you're curious about how to boost your marketing ROI. ğŸ˜Š With our expertise in analytics, we flag the 'wins' and pin down areas to improve.

To discuss specific strategies for your business, all it takes is a quick call. Here's the link again [meeting link]. Hope to hear from you soon!

Best,
[Your Name]",True,True,False,
61,Boost Your Business's Efficiency with Tailored IT Solutions ğŸ–¥ï¸,"Hi [Recipient's Name],

Ready to take your business's IT performance to the next level? Explore cutting-edge solutions tailored just for you. Iâ€™m eager to share how [Your Company] can make this a reality.

Quick chat? [meeting link]

Best,
[Your Name]",True,False,False,
62,Let's Cut the IT Complexity - A Chat Over Coffee? â˜•ï¸,"Good day [Recipient's Name],

I noticed you checked out my previous email â€“ thanks for that! Simplifying IT complexities can be a game-changer for your efficiency and peace of mind. Can we delve into this over a virtual coffee? Click [meeting link] and choose a time that suits you best.

Looking forward to it,
[Your Name]",False,False,False,
63,Unleash Potential with IT Solutions - Are We Aligned?,"Hello [Recipient's Name],

Imagine a world where IT issues don't hold back your potential. That's the world [Your Company] creates for its partners. I've crafted a strategic approach tailored to your business needs and I'd love to walk you through it.

Can we connect this week? Here's the [meeting link].

Best regards,
[Your Name]",True,True,False,
64,Unlock Growth ğŸš€ with Precision Marketing Analytics,"Hi [Recipientâ€™s Name],

Do you feel your marketing campaigns could use a boost in efficacy? At [Your Company], we transform data into actionable insights that drive successful marketing strategies.

Interested in a quick overview? Check out this link [meeting link] to lock in a time this week.

Warm regards,
[Your Name]",False,False,False,
65,Still interested in data-driven marketing success?,"Hello [Recipientâ€™s Name],

I noticed you haven't opened my previous email, and I donâ€™t want you to miss out on the opportunity to optimize your marketing efforts. Our analytics solutions have helped businesses like yours increase campaign ROI by up to 35%!

Can we have a brief chat? Hereâ€™s the scheduler [meeting link] to pick a convenient time for you.

Best,
[Your Name]",True,False,False,
66,Letâ€™s make your marketing data work harder!,"Hi again [Recipientâ€™s Name],

Itâ€™s clear that effective marketing requires solid dataâ€”but the real trick is in the analysis. Letâ€™s discuss how our customized analytics could be a game-changer for your business.

I'm sure you're busy, so Iâ€™ll make it brief. Can we connect for 15 minutes? Hereâ€™s the link to my calendar [meeting link].

Cheers,
[Your Name]",True,True,False,
67,Unlock ğŸ”‘ Your Marketing Potential with Advanced Analytics,"Hi there, 

Ever felt like your marketing efforts could be more targeted? Our cutting-edge Marketing Analytics services provide the insights you need to optimize your campaigns and boost your ROI. 

Interested in learning more? Book a quick discovery call here: [meeting link].

Cheers, 
[Your Name]",True,,False,False
68,Re: Unlock Your Marketing Potential with Advanced Analytics,"Hello again, 

I noticed you had a look at my previous email - thanks for that! Iâ€™m sure youâ€™re busy so Iâ€™ll get straight to the point. With our services, we've helped businesses like yours increase leads by up to 50%. 

How about we explore some strategies tailored for your business? Here's that link again for easy access: [meeting link]. 

Best, 
[Your Name]",False,,False,False
69,Last Try: Can we elevate your marketing strategy? ğŸš€,"Hi [Recipient's Name], 

I donâ€™t want to take up too much of your time but here's the thing: companies we work with often regret not taking action sooner. 

Click on the link to set up a brief chat. No strings attached, swear by it: [meeting link]. 

Let's chat! 
[Your Name]",True,,False,True
70,Boost Conversions with Advanced Marketing Analytics ğŸš€,"Hi [Recipient's Name],

Are you looking to elevate your marketing ROI? Our cutting-edge analytics solutions apply AI to decode your market trends and customer behavior.

Curious? Letâ€™s discuss how we can drive your growth. Schedule a chat here [meeting link] for insights tailored to your business!

Warm regards,
[Your Name]",True,False,False,
71,ğŸ“Š Turn Data into Decisions â€“ Let's Explore Your Analytics Needs,"Hello [Recipient's Name],

I noticed my previous message might have slipped through the cracks. Iâ€™m reaching out again because I believe in the potential of transforming your data into strategic assets.

Our analytics platform helps you understand the 'why' behind the numbers. Allow me a chance to show you - book a time suitable for you [meeting link].

Best,
[Your Name]",False,False,False,
72,Re: Enhance Your Marketing Strategy with Proven Analytics,"Hey [Recipient's Name],

Still not sure? Remember, data is just numbers unless it's turned into actionable strategies. Our clients see a 30% average increase in efficiency after partnering with us.

Join them! Click [meeting link] and letâ€™s find a time to talk about propelling your marketing forward.

Looking forward,
[Your Name]",True,True,False,
73,ğŸ” Elevate Your Marketing Insights with Next-Gen Analytics!,"Good Morning [Recipient's Name],

Are your current analytics tools giving you the clarity you need to make informed decisions? Our state-of-the-art Marketing Analytics platform offers real-time data and predictive insights that can transform the way you connect with your audience. Would you be open to exploring this? Here's a link to my calendar [meeting link] for a brief intro.

Warm regards,
[Your Name]",False,False,False,
74,Quick Question Regarding Your Analytics Needs,"Hi [Recipient's Name],

I'm reaching out again because I believe in the potential impact our advanced analytics could have on your marketing strategies. Our clients typically see a 30% increase in conversion rates. ğŸ“ˆ Can I share how we do this? Just a quick chat. Let's schedule it here: [meeting link].

Best,
[Your Name]",True,False,False,
75,Weâ€™re Here to Support Your Growth,"Hello [Recipient's Name],

Noticing that my prior messages have gone unopened, I just wanted to check in. Our Marketing Analytics services are specifically designed to help companies like yours scale effectively. If there's a better way or time to reach you, please let me know. Meanwhile, I'd love the opportunity to talk: [meeting link].

Thank you for considering,
[Your Name]",True,False,False,
76,Can We Help Enhance Your Marketing Strategy?,"Hi [Recipient's Name],

I'll keep this brief. We've helped similar businesses achieve significant ROI with our analytics tools and I don't want you to miss out. If there's a sliver of interest or curiosity, let's connect for just 15 minutes ([meeting link]). Or if you prefer, could you let me know your availability?

I appreciate your time,
[Your Name]",True,True,False,
77,Boost Your Brand Visibility ğŸš€,"Hello [Recipient's Name],

Want to skyrocket your company's market presence? Our innovative marketing analytics services are the fuel you need for that liftoff! Let's explore this space together. Fancy a quick call? ğŸŒŸ [meeting link]

Best Wishes,
[Your Name]",True,False,False,
78,ğŸ” Outpace Competitors with Insightful Analytics,"Hi [Recipient's Name],

I noticed you're navigating through the vast universe of marketing. Grab the telescope! Our analytics services provide the stargazing power to not just look at the data, but to act on it. Curious how? Let's talk: [meeting link]

Best,
[Your Name]",True,False,False,
79,Tailored Analytics for You,"Hey [Recipient's Name],

Your brand deserves to stand out! With custom marketing analytics, we offer a tailor-made suit for your data - sleek, smart, and just fits right.

Hereâ€™s what we can do for you:
- Competitive Analysis ğŸ”
- Consumer Behavior Insights ğŸ§
- ROI Optimization ğŸ’¹

When could we discuss this further? [meeting link]

Cheers,
[Your Name]",False,False,False,
80,Let's Make Data-Driven Decisions Together,"Dear [Recipient's Name],

I can't help but notice the potential your brand has in using data to drive strategic decisions. We are committed to turning analytics into actionable insights for businesses like yours.

A quick recap of how we can assist:
- Predictive Analytics for forecasting trends
- Customer Journey Analysis to improve experience
- Campaign Effectiveness to boost sales

Insights await on the other side of this link: [meeting link].

Warm regards,
[Your Name]",True,True,False,
